window_start,Site,Nutrient,Concentration
1988-01-05,BQ1,no3n_ugL,155.06666666666666
1988-01-05,BQ1,k_mgL,0.8066666666666666
1988-01-05,BQ1,mg_mgL,2.1926666666666668
1988-01-05,BQ1,ca_mgL,3.42
1988-01-05,BQ1,nh4n_ugL,27.533333333333335
1988-03-08,BQ1,no3n_ugL,207.8125
1988-03-08,BQ1,k_mgL,0.89
1988-03-08,BQ1,mg_mgL,1.976875
1988-03-08,BQ1,ca_mgL,3.084375
1988-03-08,BQ1,nh4n_ugL,22.125
1988-05-10,BQ1,no3n_ugL,157.5
1988-05-10,BQ1,k_mgL,0.8811111111111111
1988-05-10,BQ1,mg_mgL,2.183
1988-05-10,BQ1,ca_mgL,2.9850000000000003
1988-05-10,BQ1,nh4n_ugL,90.625
1988-07-12,BQ1,no3n_ugL,63
1988-07-12,BQ1,k_mgL,0.7607692307692308
1988-07-12,BQ1,mg_mgL,1.9523076923076923
1988-07-12,BQ1,ca_mgL,2.686923076923077
1988-07-12,BQ1,nh4n_ugL,15.5
1988-09-13,BQ1,no3n_ugL,140.55555555555554
1988-09-13,BQ1,k_mgL,0.7925
1988-09-13,BQ1,mg_mgL,2.43875
1988-09-13,BQ1,ca_mgL,3.665
1988-09-13,BQ1,nh4n_ugL,50.25
1988-11-15,BQ1,no3n_ugL,153.625
1988-11-15,BQ1,k_mgL,0.8444444444444444
1988-11-15,BQ1,mg_mgL,2.3722222222222222
1988-11-15,BQ1,ca_mgL,4.15125
1988-11-15,BQ1,nh4n_ugL,NA
1989-01-17,BQ1,no3n_ugL,130.11111111111111
1989-01-17,BQ1,k_mgL,0.9088888888888889
1989-01-17,BQ1,mg_mgL,2.783333333333333
1989-01-17,BQ1,ca_mgL,4.293333333333333
1989-01-17,BQ1,nh4n_ugL,NA
1989-03-21,BQ1,no3n_ugL,141.88888888888889
1989-03-21,BQ1,k_mgL,0.8544444444444445
1989-03-21,BQ1,mg_mgL,2.738888888888889
1989-03-21,BQ1,ca_mgL,4.444444444444445
1989-03-21,BQ1,nh4n_ugL,NA
1989-05-23,BQ1,no3n_ugL,123
1989-05-23,BQ1,k_mgL,0.9477777777777777
1989-05-23,BQ1,mg_mgL,2.901111111111111
1989-05-23,BQ1,ca_mgL,4.5344444444444445
1989-05-23,BQ1,nh4n_ugL,NA
1989-07-25,BQ1,no3n_ugL,88.375
1989-07-25,BQ1,k_mgL,0.9344444444444444
1989-07-25,BQ1,mg_mgL,2.6466666666666665
1989-07-25,BQ1,ca_mgL,4.042222222222222
1989-07-25,BQ1,nh4n_ugL,NA
1989-09-26,BQ1,no3n_ugL,415.7142857142857
1989-09-26,BQ1,k_mgL,1.3208333333333333
1989-09-26,BQ1,mg_mgL,3.0154545454545456
1989-09-26,BQ1,ca_mgL,4.2290909090909095
1989-09-26,BQ1,nh4n_ugL,NA
1989-11-28,BQ1,no3n_ugL,99
1989-11-28,BQ1,k_mgL,1.1466666666666667
1989-11-28,BQ1,mg_mgL,3.2266666666666666
1989-11-28,BQ1,ca_mgL,5.8566666666666665
1989-11-28,BQ1,nh4n_ugL,NA
1990-01-30,BQ1,no3n_ugL,211.375
1990-01-30,BQ1,k_mgL,1.2344444444444445
1990-01-30,BQ1,mg_mgL,3.1666666666666665
1990-01-30,BQ1,ca_mgL,5.546666666666667
1990-01-30,BQ1,nh4n_ugL,NA
1990-04-03,BQ1,no3n_ugL,450.30769230769226
1990-04-03,BQ1,k_mgL,1.3628571428571428
1990-04-03,BQ1,mg_mgL,2.5492857142857144
1990-04-03,BQ1,ca_mgL,4.312857142857143
1990-04-03,BQ1,nh4n_ugL,NA
1990-06-05,BQ1,no3n_ugL,143.77777777777777
1990-06-05,BQ1,k_mgL,1.1555555555555554
1990-06-05,BQ1,mg_mgL,3.2333333333333334
1990-06-05,BQ1,ca_mgL,5.4944444444444445
1990-06-05,BQ1,nh4n_ugL,NA
1990-08-07,BQ1,no3n_ugL,80.83333333333334
1990-08-07,BQ1,k_mgL,0.8844444444444445
1990-08-07,BQ1,mg_mgL,3.2688888888888887
1990-08-07,BQ1,ca_mgL,5.841111111111111
1990-08-07,BQ1,nh4n_ugL,NA
1990-10-09,BQ1,no3n_ugL,108.5
1990-10-09,BQ1,k_mgL,1.007
1990-10-09,BQ1,mg_mgL,2.832
1990-10-09,BQ1,ca_mgL,4.603
1990-10-09,BQ1,nh4n_ugL,NA
1990-12-11,BQ1,no3n_ugL,155.375
1990-12-11,BQ1,k_mgL,0.983
1990-12-11,BQ1,mg_mgL,2.988
1990-12-11,BQ1,ca_mgL,5.297
1990-12-11,BQ1,nh4n_ugL,NA
1991-02-12,BQ1,no3n_ugL,65.9
1991-02-12,BQ1,k_mgL,0.8210000000000001
1991-02-12,BQ1,mg_mgL,3.145
1991-02-12,BQ1,ca_mgL,5.656
1991-02-12,BQ1,nh4n_ugL,NA
1991-04-16,BQ1,no3n_ugL,46.375
1991-04-16,BQ1,k_mgL,0.9255555555555556
1991-04-16,BQ1,mg_mgL,2.9477777777777776
1991-04-16,BQ1,ca_mgL,5.167777777777777
1991-04-16,BQ1,nh4n_ugL,NA
1991-06-18,BQ1,no3n_ugL,32.42857142857143
1991-06-18,BQ1,k_mgL,0.7644444444444445
1991-06-18,BQ1,mg_mgL,3.3777777777777778
1991-06-18,BQ1,ca_mgL,5.622222222222223
1991-06-18,BQ1,nh4n_ugL,NA
1991-08-20,BQ1,no3n_ugL,63.5
1991-08-20,BQ1,k_mgL,1.165
1991-08-20,BQ1,mg_mgL,3.614
1991-08-20,BQ1,ca_mgL,5.84
1991-08-20,BQ1,nh4n_ugL,NA
1991-10-22,BQ1,no3n_ugL,121.6923076923077
1991-10-22,BQ1,k_mgL,1.1407692307692308
1991-10-22,BQ1,mg_mgL,2.716153846153846
1991-10-22,BQ1,ca_mgL,4.274615384615385
1991-10-22,BQ1,nh4n_ugL,NA
1991-12-24,BQ1,no3n_ugL,187.125
1991-12-24,BQ1,k_mgL,1.24
1991-12-24,BQ1,mg_mgL,2.9955555555555557
1991-12-24,BQ1,ca_mgL,4.971111111111111
1991-12-24,BQ1,nh4n_ugL,NA
1992-02-25,BQ1,no3n_ugL,79.75
1992-02-25,BQ1,k_mgL,1.1111111111111112
1992-02-25,BQ1,mg_mgL,3.578888888888889
1992-02-25,BQ1,ca_mgL,6.308888888888889
1992-02-25,BQ1,nh4n_ugL,NA
1992-04-28,BQ1,no3n_ugL,57.125
1992-04-28,BQ1,k_mgL,1.031111111111111
1992-04-28,BQ1,mg_mgL,2.59
1992-04-28,BQ1,ca_mgL,4.303333333333334
1992-04-28,BQ1,nh4n_ugL,NA
1992-06-30,BQ1,no3n_ugL,140.625
1992-06-30,BQ1,k_mgL,1.1466666666666667
1992-06-30,BQ1,mg_mgL,3.2455555555555557
1992-06-30,BQ1,ca_mgL,5.6066666666666665
1992-06-30,BQ1,nh4n_ugL,NA
1992-09-01,BQ1,no3n_ugL,67.71428571428571
1992-09-01,BQ1,k_mgL,1.0655555555555556
1992-09-01,BQ1,mg_mgL,3.517777777777778
1992-09-01,BQ1,ca_mgL,6.2
1992-09-01,BQ1,nh4n_ugL,NA
1992-11-03,BQ1,no3n_ugL,33
1992-11-03,BQ1,k_mgL,0.9622222222222222
1992-11-03,BQ1,mg_mgL,2.4955555555555557
1992-11-03,BQ1,ca_mgL,4.543333333333333
1992-11-03,BQ1,nh4n_ugL,NA
1993-01-05,BQ1,no3n_ugL,20
1993-01-05,BQ1,k_mgL,1.1344444444444444
1993-01-05,BQ1,mg_mgL,3.181111111111111
1993-01-05,BQ1,ca_mgL,4.975555555555555
1993-01-05,BQ1,nh4n_ugL,NA
1993-03-09,BQ1,no3n_ugL,137.11111111111111
1993-03-09,BQ1,k_mgL,1.1744444444444444
1993-03-09,BQ1,mg_mgL,3.671111111111111
1993-03-09,BQ1,ca_mgL,5.795555555555556
1993-03-09,BQ1,nh4n_ugL,NA
1993-05-11,BQ1,no3n_ugL,28.333333333333332
1993-05-11,BQ1,k_mgL,1.1577777777777778
1993-05-11,BQ1,mg_mgL,3.2222222222222223
1993-05-11,BQ1,ca_mgL,5.611111111111111
1993-05-11,BQ1,nh4n_ugL,NA
1993-07-13,BQ1,no3n_ugL,44.6
1993-07-13,BQ1,k_mgL,1.0033333333333334
1993-07-13,BQ1,mg_mgL,3.013333333333333
1993-07-13,BQ1,ca_mgL,5.467777777777778
1993-07-13,BQ1,nh4n_ugL,NA
1993-09-14,BQ1,no3n_ugL,28.333333333333332
1993-09-14,BQ1,k_mgL,1.1211111111111112
1993-09-14,BQ1,mg_mgL,3.3266666666666667
1993-09-14,BQ1,ca_mgL,5.921111111111111
1993-09-14,BQ1,nh4n_ugL,NA
1993-11-16,BQ1,no3n_ugL,22.166666666666668
1993-11-16,BQ1,k_mgL,1.18
1993-11-16,BQ1,mg_mgL,3.1688888888888886
1993-11-16,BQ1,ca_mgL,5.688888888888889
1993-11-16,BQ1,nh4n_ugL,NA
1994-01-18,BQ1,no3n_ugL,13.5
1994-01-18,BQ1,k_mgL,1.0055555555555555
1994-01-18,BQ1,mg_mgL,2.951111111111111
1994-01-18,BQ1,ca_mgL,5.302222222222222
1994-01-18,BQ1,nh4n_ugL,NA
1994-03-22,BQ1,no3n_ugL,65.66666666666667
1994-03-22,BQ1,k_mgL,1.051111111111111
1994-03-22,BQ1,mg_mgL,3.347777777777778
1994-03-22,BQ1,ca_mgL,6.14
1994-03-22,BQ1,nh4n_ugL,NA
1994-05-24,BQ1,no3n_ugL,39
1994-05-24,BQ1,k_mgL,1.1928571428571428
1994-05-24,BQ1,mg_mgL,3.74
1994-05-24,BQ1,ca_mgL,6.634285714285714
1994-05-24,BQ1,nh4n_ugL,NA
1988-01-05,BQ2,no3n_ugL,239.1875
1988-01-05,BQ2,k_mgL,0.8672222222222222
1988-01-05,BQ2,mg_mgL,2.11
1988-01-05,BQ2,ca_mgL,4.415555555555556
1988-01-05,BQ2,nh4n_ugL,18.5
1988-03-08,BQ2,no3n_ugL,192.33333333333334
1988-03-08,BQ2,k_mgL,0.7833333333333333
1988-03-08,BQ2,mg_mgL,2.316666666666667
1988-03-08,BQ2,ca_mgL,4.243333333333333
1988-03-08,BQ2,nh4n_ugL,27.142857142857142
1988-05-10,BQ2,no3n_ugL,239.33333333333334
1988-05-10,BQ2,k_mgL,0.7969999999999999
1988-05-10,BQ2,mg_mgL,2.1189999999999998
1988-05-10,BQ2,ca_mgL,3.587
1988-05-10,BQ2,nh4n_ugL,74.42857142857143
1988-07-12,BQ2,no3n_ugL,178.33333333333334
1988-07-12,BQ2,k_mgL,0.7846666666666666
1988-07-12,BQ2,mg_mgL,2.0286666666666666
1988-07-12,BQ2,ca_mgL,3.446
1988-07-12,BQ2,nh4n_ugL,14
1988-09-13,BQ2,no3n_ugL,205
1988-09-13,BQ2,k_mgL,0.77
1988-09-13,BQ2,mg_mgL,2.37
1988-09-13,BQ2,ca_mgL,4.55
1988-09-13,BQ2,nh4n_ugL,47
1988-11-15,BQ2,no3n_ugL,220.66666666666666
1988-11-15,BQ2,k_mgL,0.8722222222222222
1988-11-15,BQ2,mg_mgL,2.3633333333333333
1988-11-15,BQ2,ca_mgL,4.161111111111111
1988-11-15,BQ2,nh4n_ugL,NA
1989-01-17,BQ2,no3n_ugL,232.8
1989-01-17,BQ2,k_mgL,0.9011111111111111
1989-01-17,BQ2,mg_mgL,2.52
1989-01-17,BQ2,ca_mgL,4.592222222222222
1989-01-17,BQ2,nh4n_ugL,NA
1989-03-21,BQ2,no3n_ugL,190.55555555555554
1989-03-21,BQ2,k_mgL,0.8766666666666667
1989-03-21,BQ2,mg_mgL,2.8766666666666665
1989-03-21,BQ2,ca_mgL,4.467777777777778
1989-03-21,BQ2,nh4n_ugL,NA
1989-05-23,BQ2,no3n_ugL,166.66666666666666
1989-05-23,BQ2,k_mgL,0.9522222222222222
1989-05-23,BQ2,mg_mgL,2.5166666666666666
1989-05-23,BQ2,ca_mgL,4.615555555555556
1989-05-23,BQ2,nh4n_ugL,NA
1989-07-25,BQ2,no3n_ugL,143.25
1989-07-25,BQ2,k_mgL,1.01
1989-07-25,BQ2,mg_mgL,2.541111111111111
1989-07-25,BQ2,ca_mgL,4.905555555555556
1989-07-25,BQ2,nh4n_ugL,NA
1989-09-26,BQ2,no3n_ugL,419.1111111111111
1989-09-26,BQ2,k_mgL,1.4533333333333334
1989-09-26,BQ2,mg_mgL,2.97
1989-09-26,BQ2,ca_mgL,5.465454545454546
1989-09-26,BQ2,nh4n_ugL,NA
1989-11-28,BQ2,no3n_ugL,239.25
1989-11-28,BQ2,k_mgL,1.2066666666666666
1989-11-28,BQ2,mg_mgL,3.1233333333333335
1989-11-28,BQ2,ca_mgL,6.613333333333333
1989-11-28,BQ2,nh4n_ugL,NA
1990-01-30,BQ2,no3n_ugL,188
1990-01-30,BQ2,k_mgL,1.3388888888888888
1990-01-30,BQ2,mg_mgL,3.0522222222222224
1990-01-30,BQ2,ca_mgL,6.53
1990-01-30,BQ2,nh4n_ugL,NA
1990-04-03,BQ2,no3n_ugL,466.7692307692308
1990-04-03,BQ2,k_mgL,1.3635714285714287
1990-04-03,BQ2,mg_mgL,2.4907142857142857
1990-04-03,BQ2,ca_mgL,5.1971428571428575
1990-04-03,BQ2,nh4n_ugL,NA
1990-06-05,BQ2,no3n_ugL,232.77777777777777
1990-06-05,BQ2,k_mgL,1.1311111111111112
1990-06-05,BQ2,mg_mgL,3.2088888888888887
1990-06-05,BQ2,ca_mgL,6.776666666666666
1990-06-05,BQ2,nh4n_ugL,NA
1990-08-07,BQ2,no3n_ugL,121.11111111111113
1990-08-07,BQ2,k_mgL,0.9255555555555556
1990-08-07,BQ2,mg_mgL,3.2244444444444444
1990-08-07,BQ2,ca_mgL,7.187777777777778
1990-08-07,BQ2,nh4n_ugL,NA
1990-10-09,BQ2,no3n_ugL,164.7
1990-10-09,BQ2,k_mgL,0.901
1990-10-09,BQ2,mg_mgL,2.712
1990-10-09,BQ2,ca_mgL,5.773
1990-10-09,BQ2,nh4n_ugL,NA
1990-12-11,BQ2,no3n_ugL,182.11111111111111
1990-12-11,BQ2,k_mgL,0.998
1990-12-11,BQ2,mg_mgL,3.08
1990-12-11,BQ2,ca_mgL,6.782
1990-12-11,BQ2,nh4n_ugL,NA
1991-02-12,BQ2,no3n_ugL,138.11111111111111
1991-02-12,BQ2,k_mgL,0.843
1991-02-12,BQ2,mg_mgL,2.938
1991-02-12,BQ2,ca_mgL,6.742
1991-02-12,BQ2,nh4n_ugL,NA
1991-04-16,BQ2,no3n_ugL,35.75
1991-04-16,BQ2,k_mgL,1.01
1991-04-16,BQ2,mg_mgL,2.8377777777777777
1991-04-16,BQ2,ca_mgL,3.796666666666667
1991-04-16,BQ2,nh4n_ugL,NA
1991-06-18,BQ2,no3n_ugL,81
1991-06-18,BQ2,k_mgL,0.9955555555555555
1991-06-18,BQ2,mg_mgL,3.201111111111111
1991-06-18,BQ2,ca_mgL,5.316666666666666
1991-06-18,BQ2,nh4n_ugL,NA
1991-08-20,BQ2,no3n_ugL,88.2
1991-08-20,BQ2,k_mgL,1.42
1991-08-20,BQ2,mg_mgL,2.9859999999999998
1991-08-20,BQ2,ca_mgL,6.027
1991-08-20,BQ2,nh4n_ugL,NA
1991-10-22,BQ2,no3n_ugL,226.69230769230768
1991-10-22,BQ2,k_mgL,1.273076923076923
1991-10-22,BQ2,mg_mgL,2.7115384615384617
1991-10-22,BQ2,ca_mgL,4.760769230769231
1991-10-22,BQ2,nh4n_ugL,NA
1991-12-24,BQ2,no3n_ugL,283.8888888888889
1991-12-24,BQ2,k_mgL,1.3033333333333332
1991-12-24,BQ2,mg_mgL,2.924444444444444
1991-12-24,BQ2,ca_mgL,5.828888888888889
1991-12-24,BQ2,nh4n_ugL,NA
1992-02-25,BQ2,no3n_ugL,88.125
1992-02-25,BQ2,k_mgL,1.1222222222222222
1992-02-25,BQ2,mg_mgL,3.121111111111111
1992-02-25,BQ2,ca_mgL,5.852222222222222
1992-02-25,BQ2,nh4n_ugL,NA
1992-04-28,BQ2,no3n_ugL,124.875
1992-04-28,BQ2,k_mgL,1.2466666666666666
1992-04-28,BQ2,mg_mgL,2.482222222222222
1992-04-28,BQ2,ca_mgL,5.24
1992-04-28,BQ2,nh4n_ugL,NA
1992-06-30,BQ2,no3n_ugL,108.22222222222223
1992-06-30,BQ2,k_mgL,1.23
1992-06-30,BQ2,mg_mgL,3.26
1992-06-30,BQ2,ca_mgL,6.88
1992-06-30,BQ2,nh4n_ugL,NA
1992-09-01,BQ2,no3n_ugL,49.125
1992-09-01,BQ2,k_mgL,1.2677777777777777
1992-09-01,BQ2,mg_mgL,3.1655555555555557
1992-09-01,BQ2,ca_mgL,6.641111111111111
1992-09-01,BQ2,nh4n_ugL,NA
1992-11-03,BQ2,no3n_ugL,66.28571428571429
1992-11-03,BQ2,k_mgL,1.2144444444444444
1992-11-03,BQ2,mg_mgL,2.6044444444444443
1992-11-03,BQ2,ca_mgL,5.694444444444445
1992-11-03,BQ2,nh4n_ugL,NA
1993-01-05,BQ2,no3n_ugL,135
1993-01-05,BQ2,k_mgL,1.27
1993-01-05,BQ2,mg_mgL,3.181111111111111
1993-01-05,BQ2,ca_mgL,6.49
1993-01-05,BQ2,nh4n_ugL,NA
1993-03-09,BQ2,no3n_ugL,144
1993-03-09,BQ2,k_mgL,1.3044444444444445
1993-03-09,BQ2,mg_mgL,3.243333333333333
1993-03-09,BQ2,ca_mgL,6.347777777777778
1993-03-09,BQ2,nh4n_ugL,NA
1993-05-11,BQ2,no3n_ugL,72.75
1993-05-11,BQ2,k_mgL,1.468888888888889
1993-05-11,BQ2,mg_mgL,2.9611111111111112
1993-05-11,BQ2,ca_mgL,6.171111111111111
1993-05-11,BQ2,nh4n_ugL,NA
1993-07-13,BQ2,no3n_ugL,23.5
1993-07-13,BQ2,k_mgL,1.4122222222222223
1993-07-13,BQ2,mg_mgL,3.1777777777777776
1993-07-13,BQ2,ca_mgL,7.205555555555556
1993-07-13,BQ2,nh4n_ugL,NA
1993-09-14,BQ2,no3n_ugL,55.33333333333333
1993-09-14,BQ2,k_mgL,1.33
1993-09-14,BQ2,mg_mgL,2.8533333333333335
1993-09-14,BQ2,ca_mgL,6.414444444444444
1993-09-14,BQ2,nh4n_ugL,NA
1993-11-16,BQ2,no3n_ugL,56.66666666666667
1993-11-16,BQ2,k_mgL,1.4
1993-11-16,BQ2,mg_mgL,2.6155555555555554
1993-11-16,BQ2,ca_mgL,6.371111111111111
1993-11-16,BQ2,nh4n_ugL,NA
1994-01-18,BQ2,no3n_ugL,12.333333333333334
1994-01-18,BQ2,k_mgL,1.3533333333333333
1994-01-18,BQ2,mg_mgL,2.828888888888889
1994-01-18,BQ2,ca_mgL,5.916666666666667
1994-01-18,BQ2,nh4n_ugL,NA
1994-03-22,BQ2,no3n_ugL,30.166666666666664
1994-03-22,BQ2,k_mgL,1.2733333333333334
1994-03-22,BQ2,mg_mgL,3.0566666666666666
1994-03-22,BQ2,ca_mgL,6.77
1994-03-22,BQ2,nh4n_ugL,NA
1994-05-24,BQ2,no3n_ugL,27.166666666666668
1994-05-24,BQ2,k_mgL,1.48
1994-05-24,BQ2,mg_mgL,3.26
1994-05-24,BQ2,ca_mgL,6.808333333333334
1994-05-24,BQ2,nh4n_ugL,NA
1988-01-05,BQ3,no3n_ugL,165.4375
1988-01-05,BQ3,k_mgL,0.728
1988-01-05,BQ3,mg_mgL,2.556
1988-01-05,BQ3,ca_mgL,3.3953333333333333
1988-01-05,BQ3,nh4n_ugL,33.1764705882353
1988-03-08,BQ3,no3n_ugL,205.22222222222223
1988-03-08,BQ3,k_mgL,0.5555555555555556
1988-03-08,BQ3,mg_mgL,2.6144444444444446
1988-03-08,BQ3,ca_mgL,3.4766666666666666
1988-03-08,BQ3,nh4n_ugL,26.333333333333332
1988-05-10,BQ3,no3n_ugL,196
1988-05-10,BQ3,k_mgL,0.688
1988-05-10,BQ3,mg_mgL,2.339
1988-05-10,BQ3,ca_mgL,2.613
1988-05-10,BQ3,nh4n_ugL,59.57142857142857
1988-07-12,BQ3,no3n_ugL,134.66666666666666
1988-07-12,BQ3,k_mgL,0.6328571428571429
1988-07-12,BQ3,mg_mgL,2.2592857142857143
1988-07-12,BQ3,ca_mgL,2.710714285714286
1988-07-12,BQ3,nh4n_ugL,28.6
1988-09-13,BQ3,no3n_ugL,168.25
1988-09-13,BQ3,k_mgL,0.6275
1988-09-13,BQ3,mg_mgL,2.48875
1988-09-13,BQ3,ca_mgL,3.33125
1988-09-13,BQ3,nh4n_ugL,41.75
1988-11-15,BQ3,no3n_ugL,191.33333333333334
1988-11-15,BQ3,k_mgL,0.7366666666666667
1988-11-15,BQ3,mg_mgL,2.66
1988-11-15,BQ3,ca_mgL,3.815
1988-11-15,BQ3,nh4n_ugL,NA
1989-01-17,BQ3,no3n_ugL,163.66666666666666
1989-01-17,BQ3,k_mgL,0.7688888888888888
1989-01-17,BQ3,mg_mgL,2.8033333333333332
1989-01-17,BQ3,ca_mgL,3.801111111111111
1989-01-17,BQ3,nh4n_ugL,NA
1989-03-21,BQ3,no3n_ugL,164.66666666666666
1989-03-21,BQ3,k_mgL,0.7344444444444445
1989-03-21,BQ3,mg_mgL,2.7355555555555555
1989-03-21,BQ3,ca_mgL,3.9033333333333333
1989-03-21,BQ3,nh4n_ugL,NA
1989-05-23,BQ3,no3n_ugL,92.22222222222223
1989-05-23,BQ3,k_mgL,0.7511111111111111
1989-05-23,BQ3,mg_mgL,2.8066666666666666
1989-05-23,BQ3,ca_mgL,3.7533333333333334
1989-05-23,BQ3,nh4n_ugL,NA
1989-07-25,BQ3,no3n_ugL,155.875
1989-07-25,BQ3,k_mgL,0.81125
1989-07-25,BQ3,mg_mgL,2.4344444444444444
1989-07-25,BQ3,ca_mgL,3.6166666666666667
1989-07-25,BQ3,nh4n_ugL,NA
1989-09-26,BQ3,no3n_ugL,444.625
1989-09-26,BQ3,k_mgL,1.4708333333333332
1989-09-26,BQ3,mg_mgL,3.325454545454545
1989-09-26,BQ3,ca_mgL,3.6163636363636367
1989-09-26,BQ3,nh4n_ugL,NA
1989-11-28,BQ3,no3n_ugL,218.625
1989-11-28,BQ3,k_mgL,1.268888888888889
1989-11-28,BQ3,mg_mgL,3.5666666666666664
1989-11-28,BQ3,ca_mgL,5.1433333333333335
1989-11-28,BQ3,nh4n_ugL,NA
1990-01-30,BQ3,no3n_ugL,381.77777777777777
1990-01-30,BQ3,k_mgL,1.4522222222222223
1990-01-30,BQ3,mg_mgL,3.3755555555555556
1990-01-30,BQ3,ca_mgL,4.81
1990-01-30,BQ3,nh4n_ugL,NA
1990-04-03,BQ3,no3n_ugL,352.3076923076923
1990-04-03,BQ3,k_mgL,1.3478571428571429
1990-04-03,BQ3,mg_mgL,2.6742857142857144
1990-04-03,BQ3,ca_mgL,3.6885714285714286
1990-04-03,BQ3,nh4n_ugL,NA
1990-06-05,BQ3,no3n_ugL,224.25
1990-06-05,BQ3,k_mgL,1.1855555555555555
1990-06-05,BQ3,mg_mgL,3.3677777777777775
1990-06-05,BQ3,ca_mgL,4.614444444444445
1990-06-05,BQ3,nh4n_ugL,NA
1990-08-07,BQ3,no3n_ugL,151.77777777777777
1990-08-07,BQ3,k_mgL,0.9944444444444445
1990-08-07,BQ3,mg_mgL,3.4522222222222223
1990-08-07,BQ3,ca_mgL,5.593333333333334
1990-08-07,BQ3,nh4n_ugL,NA
1990-10-09,BQ3,no3n_ugL,155.11111111111111
1990-10-09,BQ3,k_mgL,0.9339999999999999
1990-10-09,BQ3,mg_mgL,2.934
1990-10-09,BQ3,ca_mgL,5.102
1990-10-09,BQ3,nh4n_ugL,NA
1990-12-11,BQ3,no3n_ugL,170.625
1990-12-11,BQ3,k_mgL,0.9460000000000001
1990-12-11,BQ3,mg_mgL,3.08
1990-12-11,BQ3,ca_mgL,4.6770000000000005
1990-12-11,BQ3,nh4n_ugL,NA
1991-02-12,BQ3,no3n_ugL,146.3
1991-02-12,BQ3,k_mgL,0.79
1991-02-12,BQ3,mg_mgL,3.772
1991-02-12,BQ3,ca_mgL,4.788
1991-02-12,BQ3,nh4n_ugL,NA
1991-04-16,BQ3,no3n_ugL,56.142857142857146
1991-04-16,BQ3,k_mgL,0.8922222222222222
1991-04-16,BQ3,mg_mgL,3.243333333333333
1991-04-16,BQ3,ca_mgL,4.216666666666667
1991-04-16,BQ3,nh4n_ugL,NA
1991-06-18,BQ3,no3n_ugL,118.625
1991-06-18,BQ3,k_mgL,0.8588888888888889
1991-06-18,BQ3,mg_mgL,3.535555555555556
1991-06-18,BQ3,ca_mgL,4.447777777777778
1991-06-18,BQ3,nh4n_ugL,NA
1991-08-20,BQ3,no3n_ugL,114.8
1991-08-20,BQ3,k_mgL,1.05
1991-08-20,BQ3,mg_mgL,3.249
1991-08-20,BQ3,ca_mgL,4.675
1991-08-20,BQ3,nh4n_ugL,NA
1991-10-22,BQ3,no3n_ugL,167
1991-10-22,BQ3,k_mgL,0.8776923076923077
1991-10-22,BQ3,mg_mgL,2.813846153846154
1991-10-22,BQ3,ca_mgL,3.8207692307692307
1991-10-22,BQ3,nh4n_ugL,NA
1991-12-24,BQ3,no3n_ugL,179.55555555555554
1991-12-24,BQ3,k_mgL,1.0333333333333334
1991-12-24,BQ3,mg_mgL,3.13
1991-12-24,BQ3,ca_mgL,4.888888888888888
1991-12-24,BQ3,nh4n_ugL,NA
1992-02-25,BQ3,no3n_ugL,127.375
1992-02-25,BQ3,k_mgL,1.12
1992-02-25,BQ3,mg_mgL,3.3511111111111114
1992-02-25,BQ3,ca_mgL,6.21
1992-02-25,BQ3,nh4n_ugL,NA
1992-04-28,BQ3,no3n_ugL,115
1992-04-28,BQ3,k_mgL,0.9355555555555556
1992-04-28,BQ3,mg_mgL,2.73
1992-04-28,BQ3,ca_mgL,4.054444444444444
1992-04-28,BQ3,nh4n_ugL,NA
1992-06-30,BQ3,no3n_ugL,44.888888888888886
1992-06-30,BQ3,k_mgL,1.1411111111111112
1992-06-30,BQ3,mg_mgL,3.263333333333333
1992-06-30,BQ3,ca_mgL,4.682222222222222
1992-06-30,BQ3,nh4n_ugL,NA
1992-09-01,BQ3,no3n_ugL,56.33333333333333
1992-09-01,BQ3,k_mgL,0.8933333333333333
1992-09-01,BQ3,mg_mgL,3.2177777777777776
1992-09-01,BQ3,ca_mgL,4.835555555555556
1992-09-01,BQ3,nh4n_ugL,NA
1992-11-03,BQ3,no3n_ugL,40.28571428571429
1992-11-03,BQ3,k_mgL,1.0977777777777777
1992-11-03,BQ3,mg_mgL,3.2466666666666666
1992-11-03,BQ3,ca_mgL,4.528888888888889
1992-11-03,BQ3,nh4n_ugL,NA
1993-01-05,BQ3,no3n_ugL,207
1993-01-05,BQ3,k_mgL,0.8122222222222223
1993-01-05,BQ3,mg_mgL,3.0211111111111113
1993-01-05,BQ3,ca_mgL,4.0377777777777775
1993-01-05,BQ3,nh4n_ugL,NA
1993-03-09,BQ3,no3n_ugL,129.125
1993-03-09,BQ3,k_mgL,0.8122222222222222
1993-03-09,BQ3,mg_mgL,3.571111111111111
1993-03-09,BQ3,ca_mgL,4.424444444444444
1993-03-09,BQ3,nh4n_ugL,NA
1993-05-11,BQ3,no3n_ugL,59
1993-05-11,BQ3,k_mgL,0.855
1993-05-11,BQ3,mg_mgL,3.0637499999999998
1993-05-11,BQ3,ca_mgL,4.31625
1993-05-11,BQ3,nh4n_ugL,NA
1993-07-13,BQ3,no3n_ugL,102.83333333333334
1993-07-13,BQ3,k_mgL,0.8355555555555556
1993-07-13,BQ3,mg_mgL,2.95
1993-07-13,BQ3,ca_mgL,4.687777777777778
1993-07-13,BQ3,nh4n_ugL,NA
1993-09-14,BQ3,no3n_ugL,43.66666666666667
1993-09-14,BQ3,k_mgL,0.8044444444444444
1993-09-14,BQ3,mg_mgL,3.0775
1993-09-14,BQ3,ca_mgL,4.526666666666666
1993-09-14,BQ3,nh4n_ugL,NA
1993-11-16,BQ3,no3n_ugL,32.333333333333336
1993-11-16,BQ3,k_mgL,0.8833333333333333
1993-11-16,BQ3,mg_mgL,2.7577777777777777
1993-11-16,BQ3,ca_mgL,4.225555555555555
1993-11-16,BQ3,nh4n_ugL,NA
1994-01-18,BQ3,no3n_ugL,11
1994-01-18,BQ3,k_mgL,0.8377777777777777
1994-01-18,BQ3,mg_mgL,2.973333333333333
1994-01-18,BQ3,ca_mgL,4.366666666666666
1994-01-18,BQ3,nh4n_ugL,NA
1994-03-22,BQ3,no3n_ugL,49
1994-03-22,BQ3,k_mgL,0.8622222222222222
1994-03-22,BQ3,mg_mgL,3.3666666666666667
1994-03-22,BQ3,ca_mgL,5.066666666666666
1994-03-22,BQ3,nh4n_ugL,NA
1994-05-24,BQ3,no3n_ugL,34.5
1994-05-24,BQ3,k_mgL,0.9214285714285715
1994-05-24,BQ3,mg_mgL,3.6185714285714283
1994-05-24,BQ3,ca_mgL,5.215714285714285
1994-05-24,BQ3,nh4n_ugL,NA
1989-05-16,PRM,no3n_ugL,59.625
1989-05-16,PRM,k_mgL,0.6855555555555556
1989-05-16,PRM,mg_mgL,1.96
1989-05-16,PRM,ca_mgL,6.483333333333333
1989-05-16,PRM,nh4n_ugL,NA
1989-07-18,PRM,no3n_ugL,73.71428571428571
1989-07-18,PRM,k_mgL,0.6614285714285714
1989-07-18,PRM,mg_mgL,1.5783333333333334
1989-07-18,PRM,ca_mgL,6.252857142857143
1989-07-18,PRM,nh4n_ugL,NA
1989-09-19,PRM,no3n_ugL,273.8
1989-09-19,PRM,k_mgL,1.21
1989-09-19,PRM,mg_mgL,2.194
1989-09-19,PRM,ca_mgL,6.906
1989-09-19,PRM,nh4n_ugL,NA
1989-11-21,PRM,no3n_ugL,112.71428571428571
1989-11-21,PRM,k_mgL,0.8825000000000001
1989-11-21,PRM,mg_mgL,2.572857142857143
1989-11-21,PRM,ca_mgL,9.21857142857143
1989-11-21,PRM,nh4n_ugL,NA
1990-01-23,PRM,no3n_ugL,209.22222222222223
1990-01-23,PRM,k_mgL,1.0688888888888888
1990-01-23,PRM,mg_mgL,2.106666666666667
1990-01-23,PRM,ca_mgL,8.71
1990-01-23,PRM,nh4n_ugL,NA
1990-03-27,PRM,no3n_ugL,143.33333333333334
1990-03-27,PRM,k_mgL,1.0077777777777777
1990-03-27,PRM,mg_mgL,2.152222222222222
1990-03-27,PRM,ca_mgL,9.083333333333334
1990-03-27,PRM,nh4n_ugL,NA
1990-05-29,PRM,no3n_ugL,187
1990-05-29,PRM,k_mgL,0.9544444444444444
1990-05-29,PRM,mg_mgL,2.002222222222222
1990-05-29,PRM,ca_mgL,8.342222222222222
1990-05-29,PRM,nh4n_ugL,NA
1990-07-31,PRM,no3n_ugL,131.88888888888889
1990-07-31,PRM,k_mgL,0.8522222222222222
1990-07-31,PRM,mg_mgL,2.1422222222222222
1990-07-31,PRM,ca_mgL,9.635555555555555
1990-07-31,PRM,nh4n_ugL,NA
1990-10-02,PRM,no3n_ugL,126.125
1990-10-02,PRM,k_mgL,0.77
1990-10-02,PRM,mg_mgL,1.9877777777777779
1990-10-02,PRM,ca_mgL,7.89
1990-10-02,PRM,nh4n_ugL,NA
1990-12-04,PRM,no3n_ugL,136.75
1990-12-04,PRM,k_mgL,0.6533333333333333
1990-12-04,PRM,mg_mgL,2.1144444444444446
1990-12-04,PRM,ca_mgL,6.934444444444445
1990-12-04,PRM,nh4n_ugL,NA
1991-02-05,PRM,no3n_ugL,121.625
1991-02-05,PRM,k_mgL,0.8922222222222222
1991-02-05,PRM,mg_mgL,1.9511111111111112
1991-02-05,PRM,ca_mgL,7.41875
1991-02-05,PRM,nh4n_ugL,NA
1991-04-09,PRM,no3n_ugL,50.25
1991-04-09,PRM,k_mgL,0.77
1991-04-09,PRM,mg_mgL,0.9285714285714285
1991-04-09,PRM,ca_mgL,4.635
1991-04-09,PRM,nh4n_ugL,NA
1991-06-11,PRM,no3n_ugL,58.33333333333333
1991-06-11,PRM,k_mgL,0.7728571428571429
1991-06-11,PRM,mg_mgL,1.61625
1991-06-11,PRM,ca_mgL,5.595714285714285
1991-06-11,PRM,nh4n_ugL,NA
1991-08-13,PRM,no3n_ugL,80.42857142857143
1991-08-13,PRM,k_mgL,0.8411111111111111
1991-08-13,PRM,mg_mgL,2.61
1991-08-13,PRM,ca_mgL,9.283333333333333
1991-08-13,PRM,nh4n_ugL,NA
1991-10-15,PRM,no3n_ugL,118.88888888888889
1991-10-15,PRM,k_mgL,0.72125
1991-10-15,PRM,mg_mgL,1.975
1991-10-15,PRM,ca_mgL,6.5337499999999995
1991-10-15,PRM,nh4n_ugL,NA
1991-12-17,PRM,no3n_ugL,128.11111111111111
1991-12-17,PRM,k_mgL,0.7444444444444445
1991-12-17,PRM,mg_mgL,1.9277777777777778
1991-12-17,PRM,ca_mgL,8.153333333333332
1991-12-17,PRM,nh4n_ugL,NA
1992-02-18,PRM,no3n_ugL,108.375
1992-02-18,PRM,k_mgL,0.9533333333333334
1992-02-18,PRM,mg_mgL,2.8133333333333335
1992-02-18,PRM,ca_mgL,9.7325
1992-02-18,PRM,nh4n_ugL,NA
1992-04-21,PRM,no3n_ugL,54.375
1992-04-21,PRM,k_mgL,0.8288888888888889
1992-04-21,PRM,mg_mgL,1.8177777777777777
1992-04-21,PRM,ca_mgL,7.38
1992-04-21,PRM,nh4n_ugL,NA
1992-06-23,PRM,no3n_ugL,38.111111111111114
1992-06-23,PRM,k_mgL,0.7744444444444444
1992-06-23,PRM,mg_mgL,2.088888888888889
1992-06-23,PRM,ca_mgL,8.1466666666666665
1992-06-23,PRM,nh4n_ugL,NA
1992-08-25,PRM,no3n_ugL,52.55555555555556
1992-08-25,PRM,k_mgL,0.8466666666666667
1992-08-25,PRM,mg_mgL,2.39
1992-08-25,PRM,ca_mgL,9.634444444444444
1992-08-25,PRM,nh4n_ugL,NA
1992-10-27,PRM,no3n_ugL,33.57142857142857
1992-10-27,PRM,k_mgL,0.70625
1992-10-27,PRM,mg_mgL,1.77125
1992-10-27,PRM,ca_mgL,7.395
1992-10-27,PRM,nh4n_ugL,NA
1992-12-29,PRM,no3n_ugL,NA
1992-12-29,PRM,k_mgL,0.7255555555555555
1992-12-29,PRM,mg_mgL,1.9188888888888889
1992-12-29,PRM,ca_mgL,7.552222222222222
1992-12-29,PRM,nh4n_ugL,NA
1993-03-02,PRM,no3n_ugL,81.33333333333333
1993-03-02,PRM,k_mgL,0.8055555555555556
1993-03-02,PRM,mg_mgL,2.371111111111111
1993-03-02,PRM,ca_mgL,9.314444444444444
1993-03-02,PRM,nh4n_ugL,NA
1993-05-04,PRM,no3n_ugL,42
1993-05-04,PRM,k_mgL,0.8555555555555555
1993-05-04,PRM,mg_mgL,1.9933333333333334
1993-05-04,PRM,ca_mgL,7.9944444444444445
1993-05-04,PRM,nh4n_ugL,NA
1993-07-06,PRM,no3n_ugL,63
1993-07-06,PRM,k_mgL,0.7675
1993-07-06,PRM,mg_mgL,2.01
1993-07-06,PRM,ca_mgL,8.5875
1993-07-06,PRM,nh4n_ugL,NA
1993-09-07,PRM,no3n_ugL,49.111111111111114
1993-09-07,PRM,k_mgL,0.7211111111111111
1993-09-07,PRM,mg_mgL,1.9766666666666666
1993-09-07,PRM,ca_mgL,8.001111111111111
1993-09-07,PRM,nh4n_ugL,NA
1993-11-09,PRM,no3n_ugL,28.833333333333332
1993-11-09,PRM,k_mgL,0.6577777777777778
1993-11-09,PRM,mg_mgL,1.6811111111111112
1993-11-09,PRM,ca_mgL,7.39625
1993-11-09,PRM,nh4n_ugL,NA
1994-01-11,PRM,no3n_ugL,6.333333333333333
1994-01-11,PRM,k_mgL,0.5700000000000001
1994-01-11,PRM,mg_mgL,1.6344444444444444
1994-01-11,PRM,ca_mgL,6.863333333333333
1994-01-11,PRM,nh4n_ugL,NA
1994-03-15,PRM,no3n_ugL,18.5
1994-03-15,PRM,k_mgL,0.7277777777777777
1994-03-15,PRM,mg_mgL,2.2044444444444444
1994-03-15,PRM,ca_mgL,9.652222222222223
1994-03-15,PRM,nh4n_ugL,NA
1994-05-17,PRM,no3n_ugL,17.833333333333332
1994-05-17,PRM,k_mgL,0.9214285714285714
1994-05-17,PRM,mg_mgL,2.3728571428571428
1994-05-17,PRM,ca_mgL,9.494285714285715
1994-05-17,PRM,nh4n_ugL,NA
